{"num_filters": 2000, "num_components": 20, "num_patches": 100000, "patch_size": 8, "lgn_width": 64, "lgn_p": 0.3144686867164365, "lgn_r": 3, "lgn_t": 4, "lgn_a": 0.05, "corr": 0.1770060495379931, "time": "Thu, 01 Mar 2018 16:29:37 GMT", "id": "07a0bb1b6e31ef59ab50"}