{"num_filters": 2000, "num_components": 20, "num_patches": 100000, "patch_size": 8, "lgn_width": 64, "lgn_p": 0.2021015150373274, "lgn_r": 3, "lgn_t": 3, "lgn_a": 0.05, "corr": 0.2854092838767498, "time": "Wed, 28 Feb 2018 14:35:27 GMT", "id": "0bb47bc592f25b1bd38c"}