{"num_filters": 2000, "num_components": 20, "num_patches": 100000, "patch_size": 8, "lgn_width": 64, "lgn_p": 0.1821015150373274, "lgn_r": 3, "lgn_t": 3, "lgn_a": 0.05, "corr": 0.31368730509565007, "time": "Wed, 28 Feb 2018 19:34:03 GMT", "id": "0bed2e8f1a6302b0f4c4"}