{"num_filters": 2000, "num_components": 20, "num_patches": 100000, "patch_size": 8, "lgn_width": 64, "lgn_p": 0.28946868671643655, "lgn_r": 3, "lgn_t": 4, "lgn_a": 0.05, "corr": 0.27804075266602013, "time": "Thu, 01 Mar 2018 11:41:03 GMT", "id": "0efd522d6d27b126e76b"}