{"num_filters": 2000, "num_components": 20, "num_patches": 100000, "patch_size": 8, "lgn_width": 64, "lgn_p": 0.027367171679109133, "lgn_r": 3, "lgn_t": 1, "lgn_a": 0.05, "corr": 0.10555179114639045, "time": "Thu, 01 Mar 2018 01:13:21 GMT", "id": "10dc163bb54b771cd996"}