{"num_filters": 2000, "num_components": 20, "num_patches": 100000, "patch_size": 8, "lgn_width": 64, "lgn_p": 0.04736717167910913, "lgn_r": 3, "lgn_t": 1, "lgn_a": 0.05, "corr": 0.18560167379858603, "time": "Wed, 28 Feb 2018 18:39:37 GMT", "id": "207b95b5858a1a31cf19"}