{"num_filters": 2000, "num_components": 20, "num_patches": 100000, "patch_size": 8, "lgn_width": 64, "lgn_p": 0.13973434335821827, "lgn_r": 3, "lgn_t": 2, "lgn_a": 0.05, "corr": 0.2424383809900153, "time": "Wed, 28 Feb 2018 15:39:53 GMT", "id": "2317150bda883287d556"}