{"num_filters": 2000, "num_components": 20, "num_patches": 100000, "patch_size": 8, "lgn_width": 64, "lgn_p": 0.21946868671643655, "lgn_r": 3, "lgn_t": 4, "lgn_a": 0.05, "corr": 0.3189335984132263, "time": "Thu, 01 Mar 2018 14:33:58 GMT", "id": "23c096e1b6151ad5bbb6"}