{"num_filters": 2000, "num_components": 20, "num_patches": 100000, "patch_size": 8, "lgn_width": 64, "lgn_p": 0.24946868671643654, "lgn_r": 3, "lgn_t": 4, "lgn_a": 0.05, "corr": 0.3335101180869657, "time": "Wed, 28 Feb 2018 19:54:57 GMT", "id": "28f77ccd4f94880ab45b"}