{"num_filters": 2000, "num_components": 20, "num_patches": 100000, "patch_size": 8, "lgn_width": 64, "lgn_p": 0.10473434335821827, "lgn_r": 3, "lgn_t": 2, "lgn_a": 0.05, "corr": 0.28485199999801253, "time": "Wed, 28 Feb 2018 23:14:50 GMT", "id": "2b71761de1abf5e59c6e"}