{"num_filters": 2000, "num_components": 20, "num_patches": 100000, "patch_size": 8, "lgn_width": 64, "lgn_p": 0.2471015150373274, "lgn_r": 3, "lgn_t": 3, "lgn_a": 0.05, "corr": 0.17008241472379274, "time": "Thu, 01 Mar 2018 16:01:35 GMT", "id": "2c0b0ac6c0cb915cafb2"}