{"num_filters": 2000, "num_components": 20, "num_patches": 100000, "patch_size": 8, "lgn_width": 64, "lgn_p": 0.09473434335821826, "lgn_r": 3, "lgn_t": 2, "lgn_a": 0.05, "corr": 0.29859453061044805, "time": "Thu, 01 Mar 2018 01:34:13 GMT", "id": "2d9a8a7285b3183ef27a"}