{"num_filters": 2000, "num_components": 20, "num_patches": 100000, "patch_size": 8, "lgn_width": 64, "lgn_p": 0.12473434335821827, "lgn_r": 3, "lgn_t": 2, "lgn_a": 0.05, "corr": 0.29107216148659715, "time": "Wed, 28 Feb 2018 11:19:25 GMT", "id": "2ed48adcb076135b2f16"}