{"num_filters": 2000, "num_components": 20, "num_patches": 100000, "patch_size": 8, "lgn_width": 64, "lgn_p": 0.15473434335821826, "lgn_r": 3, "lgn_t": 2, "lgn_a": 0.05, "corr": 0.00014214371893566587, "time": "Thu, 01 Mar 2018 10:53:33 GMT", "id": "3a7877edaaf445ab39b9"}