{"num_filters": 2000, "num_components": 20, "num_patches": 100000, "patch_size": 8, "lgn_width": 64, "lgn_p": 0.26946868671643653, "lgn_r": 3, "lgn_t": 4, "lgn_a": 0.05, "corr": 0.2992519666742435, "time": "Wed, 28 Feb 2018 14:57:01 GMT", "id": "3b3e24f18b9981366693"}