{"num_filters": 2000, "num_components": 20, "num_patches": 100000, "patch_size": 8, "lgn_width": 64, "lgn_p": 0.2594686867164365, "lgn_r": 3, "lgn_t": 4, "lgn_a": 0.05, "corr": 0.32117150563886876, "time": "Wed, 28 Feb 2018 12:02:11 GMT", "id": "3c43184dab24f239b677"}