{"num_filters": 2000, "num_components": 20, "num_patches": 100000, "patch_size": 8, "lgn_width": 64, "lgn_p": 0.2571015150373274, "lgn_r": 3, "lgn_t": 3, "lgn_a": 0.05, "corr": 0.09136110902708876, "time": "Fri, 02 Mar 2018 18:03:27 GMT", "id": "3cdb78e55b5f5e0601d1"}