{"num_filters": 2000, "num_components": 20, "num_patches": 100000, "patch_size": 8, "lgn_width": 64, "lgn_p": 0.23946868671643654, "lgn_r": 3, "lgn_t": 4, "lgn_a": 0.05, "corr": 0.38863033843126926, "time": "Wed, 28 Feb 2018 23:55:50 GMT", "id": "3d3f27681d4266982c7f"}