{"num_filters": 2000, "num_components": 20, "num_patches": 100000, "patch_size": 8, "lgn_width": 64, "lgn_p": 0.08473434335821826, "lgn_r": 3, "lgn_t": 2, "lgn_a": 0.05, "corr": 0.3170037807751767, "time": "Thu, 01 Mar 2018 13:54:07 GMT", "id": "49e039ac1d23a863215d"}