{"num_filters": 2000, "num_components": 20, "num_patches": 100000, "patch_size": 8, "lgn_width": 64, "lgn_p": 0.1721015150373274, "lgn_r": 3, "lgn_t": 3, "lgn_a": 0.05, "corr": 0.30699843259932064, "time": "Wed, 28 Feb 2018 23:35:23 GMT", "id": "4a77bc9680eb45fd5a93"}