{"num_filters": 2000, "num_components": 20, "num_patches": 100000, "patch_size": 8, "lgn_width": 64, "lgn_p": 0.2121015150373274, "lgn_r": 3, "lgn_t": 3, "lgn_a": 0.05, "corr": 0.2743782011369029, "time": "Wed, 28 Feb 2018 17:32:14 GMT", "id": "4a8473bf1deeff6a67af"}