{"num_filters": 2000, "num_components": 20, "num_patches": 100000, "patch_size": 8, "lgn_width": 64, "lgn_p": 0.2221015150373274, "lgn_r": 3, "lgn_t": 3, "lgn_a": 0.05, "corr": 0.2544461987910426, "time": "Thu, 01 Mar 2018 11:17:58 GMT", "id": "4e7f0bcda72d9d5b46a6"}