{"num_filters": 2000, "num_components": 20, "num_patches": 100000, "patch_size": 8, "lgn_width": 64, "lgn_p": 0.06736717167910913, "lgn_r": 3, "lgn_t": 1, "lgn_a": 0.05, "corr": 0.12731773241312003, "time": "Wed, 28 Feb 2018 13:50:35 GMT", "id": "4fe77152df9a09d5539d"}