{"num_filters": 2000, "num_components": 20, "num_patches": 100000, "patch_size": 8, "lgn_width": 64, "lgn_p": 0.3244686867164365, "lgn_r": 3, "lgn_t": 4, "lgn_a": 0.05, "corr": 0.20126772123859227, "time": "Fri, 02 Mar 2018 18:35:47 GMT", "id": "53c4bf1107b6db5e270c"}