{"num_filters": 2000, "num_components": 20, "num_patches": 100000, "patch_size": 8, "lgn_width": 64, "lgn_p": 0.27946868671643654, "lgn_r": 3, "lgn_t": 4, "lgn_a": 0.05, "corr": 0.27575066314773194, "time": "Wed, 28 Feb 2018 17:54:36 GMT", "id": "55f55772886a0b47d299"}