{"num_filters": 2000, "num_components": 20, "num_patches": 100000, "patch_size": 8, "lgn_width": 64, "lgn_p": 0.11236717167910913, "lgn_r": 3, "lgn_t": 1, "lgn_a": 0.05, "corr": 0.048175082714572576, "time": "Thu, 01 Mar 2018 15:02:28 GMT", "id": "563153eacdef25656312"}