{"num_filters": 2000, "num_components": 20, "num_patches": 100000, "patch_size": 8, "lgn_width": 64, "lgn_p": 0.1921015150373274, "lgn_r": 3, "lgn_t": 3, "lgn_a": 0.05, "corr": 0.3037613016410109, "time": "Wed, 28 Feb 2018 11:41:09 GMT", "id": "58daeddcef54616e883a"}