{"num_filters": 2000, "num_components": 20, "num_patches": 100000, "patch_size": 8, "lgn_width": 64, "lgn_p": 0.04473434335821827, "lgn_r": 3, "lgn_t": 2, "lgn_a": 0.05, "corr": 0.10101040931218824, "time": "Fri, 02 Mar 2018 16:17:12 GMT", "id": "5929f3e472c509831054"}