{"num_filters": 2000, "num_components": 20, "num_patches": 100000, "patch_size": 8, "lgn_width": 64, "lgn_p": 0.15210151503732738, "lgn_r": 3, "lgn_t": 3, "lgn_a": 0.05, "corr": 0.394687056457917, "time": "Thu, 01 Mar 2018 14:14:20 GMT", "id": "5b72b0351eb5ad65a2a3"}