{"num_filters": 2000, "num_components": 20, "num_patches": 100000, "patch_size": 8, "lgn_width": 64, "lgn_p": 0.01736717167910913, "lgn_r": 3, "lgn_t": 1, "lgn_a": 0.05, "corr": 0.16021170821166847, "time": "Thu, 01 Mar 2018 13:32:45 GMT", "id": "5edbe3fb12e888f575d7"}