{"num_filters": 2000, "num_components": 20, "num_patches": 100000, "patch_size": 8, "lgn_width": 64, "lgn_p": 0.1621015150373274, "lgn_r": 3, "lgn_t": 3, "lgn_a": 0.05, "corr": 0.3526673675592429, "time": "Thu, 01 Mar 2018 01:54:45 GMT", "id": "628e5234094e016a2e83"}