{"num_filters": 2000, "num_components": 20, "num_patches": 100000, "patch_size": 8, "lgn_width": 64, "lgn_p": 0.1421015150373274, "lgn_r": 3, "lgn_t": 3, "lgn_a": 0.05, "corr": 0.35868359563286295, "time": "Fri, 02 Mar 2018 00:43:04 GMT", "id": "643b7bdfc4ab221ad0b1"}