{"num_filters": 2000, "num_components": 20, "num_patches": 100000, "patch_size": 8, "lgn_width": 64, "lgn_p": 0.062367171679109136, "lgn_r": 3, "lgn_t": 1, "lgn_a": 0.05, "corr": 0.2812891198794983, "time": "Wed, 28 Feb 2018 12:21:03 GMT", "id": "6b0f6b3170736ca2b21b"}