{"num_filters": 2000, "num_components": 20, "num_patches": 100000, "patch_size": 8, "lgn_width": 64, "lgn_p": 0.23446868671643653, "lgn_r": 3, "lgn_t": 4, "lgn_a": 0.05, "corr": 0.39656159788652345, "time": "Thu, 01 Mar 2018 03:34:00 GMT", "id": "6e8b1e0b83e3b77b8c53"}