{"num_filters": 2000, "num_components": 20, "num_patches": 100000, "patch_size": 8, "lgn_width": 64, "lgn_p": 0.18973434335821826, "lgn_r": 3, "lgn_t": 2, "lgn_a": 0.05, "corr": 0.11210646620487898, "time": "Fri, 02 Mar 2018 17:29:43 GMT", "id": "72df5353db47699b9464"}