{"num_filters": 2000, "num_components": 20, "num_patches": 100000, "patch_size": 8, "lgn_width": 64, "lgn_p": 0.03236717167910913, "lgn_r": 3, "lgn_t": 1, "lgn_a": 0.05, "corr": 0.16536242471167006, "time": "Thu, 01 Mar 2018 02:32:49 GMT", "id": "74838082fb46b2740620"}