{"num_filters": 2000, "num_components": 20, "num_patches": 100000, "patch_size": 8, "lgn_width": 64, "lgn_p": 0.12973434335821826, "lgn_r": 3, "lgn_t": 2, "lgn_a": 0.05, "corr": 0.290502011317174, "time": "Wed, 28 Feb 2018 12:47:55 GMT", "id": "7a2e9880a37d09295421"}