{"num_filters": 2000, "num_components": 20, "num_patches": 100000, "patch_size": 8, "lgn_width": 64, "lgn_p": 0.21710151503732739, "lgn_r": 3, "lgn_t": 3, "lgn_a": 0.05, "corr": 0.2727999754813392, "time": "Thu, 01 Mar 2018 12:49:05 GMT", "id": "8007c8375c26326acc18"}