{"num_filters": 2000, "num_components": 20, "num_patches": 100000, "patch_size": 8, "lgn_width": 64, "lgn_p": 0.1971015150373274, "lgn_r": 3, "lgn_t": 3, "lgn_a": 0.05, "corr": 0.29816883579435594, "time": "Wed, 28 Feb 2018 13:09:46 GMT", "id": "8f5aa8d0a64997cf2141"}