{"num_filters": 2000, "num_components": 20, "num_patches": 100000, "patch_size": 8, "lgn_width": 64, "lgn_p": 0.07473434335821827, "lgn_r": 3, "lgn_t": 2, "lgn_a": 0.05, "corr": 0.38718026837094693, "time": "Fri, 02 Mar 2018 00:22:41 GMT", "id": "91c796a5eba0b17d4cad"}