{"num_filters": 2000, "num_components": 20, "num_patches": 100000, "patch_size": 8, "lgn_width": 64, "lgn_p": 0.17946868671643654, "lgn_r": 3, "lgn_t": 4, "lgn_a": 0.05, "corr": 0.14791774807218336, "time": "Fri, 02 Mar 2018 16:56:25 GMT", "id": "92cf36dd534cb7b07423"}