{"num_filters": 2000, "num_components": 20, "num_patches": 100000, "patch_size": 8, "lgn_width": 64, "lgn_p": 0.08736717167910914, "lgn_r": 3, "lgn_t": 1, "lgn_a": 0.05, "corr": 0.02983192523403899, "time": "Thu, 01 Mar 2018 10:29:25 GMT", "id": "96c2aaa76b6ba52b1242"}