{"num_filters": 2000, "num_components": 20, "num_patches": 100000, "patch_size": 8, "lgn_width": 64, "lgn_p": 0.1671015150373274, "lgn_r": 3, "lgn_t": 3, "lgn_a": 0.05, "corr": 0.35335942974345863, "time": "Thu, 01 Mar 2018 03:13:55 GMT", "id": "98e4178ad858ecac88d0"}