{"num_filters": 2000, "num_components": 20, "num_patches": 100000, "patch_size": 8, "lgn_width": 64, "lgn_p": 0.05736717167910913, "lgn_r": 3, "lgn_t": 1, "lgn_a": 0.05, "corr": 0.209018748861998, "time": "Wed, 28 Feb 2018 10:52:41 GMT", "id": "9a9e8dcc083e342c6c91"}