{"num_filters": 2000, "num_components": 20, "num_patches": 100000, "patch_size": 8, "lgn_width": 64, "lgn_p": 0.007367171679109136, "lgn_r": 3, "lgn_t": 1, "lgn_a": 0.05, "corr": 0.15216423439324522, "time": "Fri, 02 Mar 2018 00:00:27 GMT", "id": "a24336389c9fcb54336a"}