{"num_filters": 2000, "num_components": 20, "num_patches": 100000, "patch_size": 8, "lgn_width": 64, "lgn_p": 0.07236717167910914, "lgn_r": 3, "lgn_t": 1, "lgn_a": 0.05, "corr": 0.14468186691728716, "time": "Wed, 28 Feb 2018 15:17:01 GMT", "id": "a4b5ac4794c230387f99"}