{"num_filters": 2000, "num_components": 20, "num_patches": 100000, "patch_size": 8, "lgn_width": 64, "lgn_p": 0.17946868671643654, "lgn_r": 3, "lgn_t": 4, "lgn_a": 0.05, "corr": 0.04149612565966493, "time": "Fri, 02 Mar 2018 02:55:02 GMT", "id": "a8bcdd70d73380a4bd1f"}