{"num_filters": 2000, "num_components": 20, "num_patches": 100000, "patch_size": 8, "lgn_width": 64, "lgn_p": 0.11473434335821826, "lgn_r": 3, "lgn_t": 2, "lgn_a": 0.05, "corr": 0.2939141699257908, "time": "Wed, 28 Feb 2018 19:12:57 GMT", "id": "aa1af5783d307c443a41"}