{"num_filters": 2000, "num_components": 20, "num_patches": 100000, "patch_size": 8, "lgn_width": 64, "lgn_p": 0.037367171679109135, "lgn_r": 3, "lgn_t": 1, "lgn_a": 0.05, "corr": 0.1487745221539484, "time": "Wed, 28 Feb 2018 22:53:57 GMT", "id": "b0c3345b3fa3eecc3824"}