{"num_filters": 2000, "num_components": 20, "num_patches": 100000, "patch_size": 8, "lgn_width": 64, "lgn_p": 0.052367171679109134, "lgn_r": 3, "lgn_t": 1, "lgn_a": 0.05, "corr": 0.1250548296803909, "time": "Wed, 28 Feb 2018 20:13:10 GMT", "id": "b2660aa139a083b92cf4"}