{"num_filters": 2000, "num_components": 20, "num_patches": 100000, "patch_size": 8, "lgn_width": 64, "lgn_p": 0.22946868671643653, "lgn_r": 3, "lgn_t": 4, "lgn_a": 0.05, "corr": 0.3195985241811394, "time": "Thu, 01 Mar 2018 02:14:44 GMT", "id": "c86c3928f94fdb4ba12b"}