{"num_filters": 2000, "num_components": 20, "num_patches": 100000, "patch_size": 8, "lgn_width": 64, "lgn_p": 0.09973434335821826, "lgn_r": 3, "lgn_t": 2, "lgn_a": 0.05, "corr": 0.29427238624288327, "time": "Thu, 01 Mar 2018 02:53:26 GMT", "id": "d4d780510c211e0e221c"}