{"num_filters": 2000, "num_components": 20, "num_patches": 100000, "patch_size": 8, "lgn_width": 64, "lgn_p": 0.17973434335821825, "lgn_r": 3, "lgn_t": 2, "lgn_a": 0.05, "corr": 0.012727738648017206, "time": "Thu, 01 Mar 2018 15:31:42 GMT", "id": "d70fec190ddc11cd54cc"}