{"num_filters": 2000, "num_components": 20, "num_patches": 100000, "patch_size": 8, "lgn_width": 64, "lgn_p": 0.13473434335821827, "lgn_r": 3, "lgn_t": 2, "lgn_a": 0.05, "corr": 0.2651323449677565, "time": "Wed, 28 Feb 2018 14:13:05 GMT", "id": "d99511ee9a1b3df2c40f"}