{"num_filters": 2000, "num_components": 20, "num_patches": 100000, "patch_size": 8, "lgn_width": 64, "lgn_p": 0.23946868671643654, "lgn_r": 3, "lgn_t": 4, "lgn_a": 0.05, "corr": 0.39656437022583907, "time": "Thu, 01 Mar 2018 00:33:58 GMT", "id": "e400cd403f774c3f02e1"}