{"num_filters": 2000, "num_components": 20, "num_patches": 100000, "patch_size": 8, "lgn_width": 64, "lgn_p": 0.20946868671643654, "lgn_r": 3, "lgn_t": 4, "lgn_a": 0.05, "corr": 0.31110755905955884, "time": "Fri, 02 Mar 2018 01:02:53 GMT", "id": "e678dc59a8e1595408d1"}