{"num_filters": 2000, "num_components": 20, "num_patches": 100000, "patch_size": 8, "lgn_width": 64, "lgn_p": 0.14973434335821828, "lgn_r": 3, "lgn_t": 2, "lgn_a": 0.05, "corr": 0.002853348575717197, "time": "Thu, 01 Mar 2018 12:25:30 GMT", "id": "e9973fe4659ee9e95f87"}