{"num_filters": 2000, "num_components": 20, "num_patches": 100000, "patch_size": 8, "lgn_width": 64, "lgn_p": 0.20946868671643654, "lgn_r": 3, "lgn_t": 4, "lgn_a": 0.05, "corr": 0.29689717909306446, "time": "Thu, 01 Mar 2018 21:43:35 GMT", "id": "ec226aed4ff3e580e619"}