{"num_filters": 2000, "num_components": 20, "num_patches": 100000, "patch_size": 8, "lgn_width": 64, "lgn_p": 0.14473434335821828, "lgn_r": 3, "lgn_t": 2, "lgn_a": 0.05, "corr": 0.16057864406763314, "time": "Wed, 28 Feb 2018 01:58:13 GMT", "id": "0a3545bceb653a8454df"}