{"num_filters": 200, "num_components": 20, "num_patches": 100000, "patch_size": 8, "lgn_width": 64, "lgn_p": 0.13473434335821827, "lgn_r": 3, "lgn_t": 2, "lgn_a": 0.05, "corr": 0.03636977070993698, "time": "Tue, 27 Feb 2018 15:46:41 GMT", "id": "0b683b53221fbe117d86"}