{"num_filters": 2000, "num_components": 20, "num_patches": 100000, "patch_size": 8, "lgn_width": 64, "lgn_p": 0.13473434335821827, "lgn_r": 3, "lgn_t": 2, "lgn_a": 0.05, "corr": 0.2759531758080824, "time": "Wed, 28 Feb 2018 00:26:52 GMT", "id": "27c9d96d657d23c0ba7a"}