{"num_filters": 200, "num_components": 20, "num_patches": 100000, "patch_size": 8, "lgn_width": 64, "lgn_p": 0.13473434335821827, "lgn_r": 3, "lgn_t": 2, "lgn_a": 0.05, "corr": 0.014334115911047086, "time": "Tue, 27 Feb 2018 18:09:22 GMT", "id": "2d92298faf8a9bf853c9"}