{"num_filters": 500, "num_components": 50, "num_patches": 130000, "patch_size": 32, "lgn_width": 128, "lgn_p": 0.1286100550237538, "lgn_r": 3, "lgn_t": 2, "lgn_a": 0.1, "corr": 0.03688453172417775, "time": "Mon, 26 Feb 2018 18:11:19 GMT", "id": "302ba3bc84c7b47856ed"}