{"num_filters": 200, "num_components": 20, "num_patches": 100000, "patch_size": 8, "lgn_width": 64, "lgn_p": 0.13473434335821827, "lgn_r": 3, "lgn_t": 2, "lgn_a": 0.05, "corr": 0.05063496759692621, "time": "Tue, 27 Feb 2018 16:40:12 GMT", "id": "34f4cc651b84dbc2d213"}