{"num_filters": 500, "num_components": 20, "num_patches": 100000, "patch_size": 8, "lgn_width": 64, "lgn_p": 0.13473434335821827, "lgn_r": 3, "lgn_t": 2, "lgn_a": 0.05, "corr": 0.24534728245242501, "time": "Tue, 27 Feb 2018 22:37:05 GMT", "id": "3eadb1080ed43ccec403"}