{"num_filters": 1000, "num_components": 50, "num_patches": 130000, "patch_size": 16, "lgn_width": 128, "lgn_p": 0.1286100550237538, "lgn_r": 3, "lgn_t": 2, "lgn_a": 0.1, "corr": 0.04643439603847289, "time": "Mon, 26 Feb 2018 16:42:51 GMT", "id": "41decce4d14debebbf74"}