{"num_filters": 500, "num_components": 50, "num_patches": 130000, "patch_size": 16, "lgn_width": 128, "lgn_p": 0.1286100550237538, "lgn_r": 3, "lgn_t": 2, "lgn_a": 0.1, "corr": 0.04371005405209928, "time": "Mon, 26 Feb 2018 01:52:50 GMT", "id": "53c59fd990b98ffcb23b"}