{"num_filters": 1000, "num_components": 50, "num_patches": 130000, "patch_size": 16, "lgn_width": 128, "lgn_p": 0.1286100550237538, "lgn_r": 3, "lgn_t": 2, "lgn_a": 0.1, "corr": 0.0642654707729483, "time": "Mon, 26 Feb 2018 17:08:27 GMT", "id": "5ddc4ab47d34f2b63e27"}