{"num_filters": 2000, "num_components": 50, "num_patches": 130000, "patch_size": 16, "lgn_width": 128, "lgn_p": 0.1286100550237538, "lgn_r": 3, "lgn_t": 2, "lgn_a": 0.1, "corr": 0.026820083458099116, "time": "Mon, 26 Feb 2018 19:48:03 GMT", "id": "672db702497bb4630f6e"}