{"num_filters": 9, "num_components": 9, "num_patches": 5000, "patch_size": 8, "lgn_width": 128, "lgn_p": 0.1043140403507528, "lgn_r": 3, "lgn_t": 2, "lgn_a": 0.5, "corr": 0.01167645892274331, "time": "Sun, 25 Feb 2018 02:41:49 GMT", "id": "6c93baf8422a85fa8173"}