{"num_filters": 500, "num_components": 50, "num_patches": 130000, "patch_size": 16, "lgn_width": 128, "lgn_p": 0.1286100550237538, "lgn_r": 3, "lgn_t": 2, "lgn_a": 0.1, "corr": 0.03590326993049997, "time": "Mon, 26 Feb 2018 01:59:17 GMT", "id": "76e6452584165ccc9fb4"}