{"num_filters": 1000, "num_components": 20, "num_patches": 100000, "patch_size": 8, "lgn_width": 64, "lgn_p": 0.13473434335821827, "lgn_r": 3, "lgn_t": 2, "lgn_a": 0.05, "corr": 0.005299311602886511, "time": "Tue, 27 Feb 2018 17:31:05 GMT", "id": "8086fa9e3310a1d51881"}