{"num_filters": 2000, "num_components": 20, "num_patches": 100000, "patch_size": 8, "lgn_width": 64, "lgn_p": 0.13473434335821827, "lgn_r": 3, "lgn_t": 2, "lgn_a": 0.05, "corr": 0.27331283620845676, "time": "Tue, 27 Feb 2018 23:40:43 GMT", "id": "8144dcb0b8e3b1a81b2a"}