{"num_filters": 200, "num_components": 20, "num_patches": 100000, "patch_size": 8, "lgn_width": 64, "lgn_p": 0.13473434335821827, "lgn_r": 3, "lgn_t": 2, "lgn_a": 0.05, "corr": 0.11515378507466803, "time": "Tue, 27 Feb 2018 18:35:16 GMT", "id": "898667ebf8e1e2c6a42e"}