{"num_filters": 1000, "num_components": 20, "num_patches": 100000, "patch_size": 8, "lgn_width": 64, "lgn_p": 0.13473434335821827, "lgn_r": 3, "lgn_t": 2, "lgn_a": 0.05, "corr": 0.013518243245256951, "time": "Tue, 27 Feb 2018 17:19:23 GMT", "id": "8b0d21dbced1c42d0771"}