{"num_filters": 1000, "num_components": 20, "num_patches": 100000, "patch_size": 8, "lgn_width": 64, "lgn_p": 0.13473434335821827, "lgn_r": 3, "lgn_t": 2, "lgn_a": 0.05, "corr": 0.29920875393111607, "time": "Tue, 27 Feb 2018 22:53:03 GMT", "id": "937d9d8658281c4c489b"}