{"num_filters": 5, "num_components": 5, "num_patches": 5000, "patch_size": 8, "lgn_width": 128, "lgn_p": 0.1043140403507528, "lgn_r": 3, "lgn_t": 2, "lgn_a": 0.5, "corr": 0.0024488749619036255, "time": "Sun, 25 Feb 2018 02:41:19 GMT", "id": "a49021a097e0ece31cb6"}