{"num_filters": 500, "num_components": 20, "num_patches": 100000, "patch_size": 8, "lgn_width": 64, "lgn_p": 0.13473434335821827, "lgn_r": 3, "lgn_t": 2, "lgn_a": 0.05, "corr": 0.2615057685440954, "time": "Tue, 27 Feb 2018 22:19:52 GMT", "id": "a6b3a1602d78406149b6"}