{"num_filters": 2000, "num_components": 20, "num_patches": 100000, "patch_size": 8, "lgn_width": 64, "lgn_p": 0.13473434335821827, "lgn_r": 3, "lgn_t": 2, "lgn_a": 0.05, "corr": 0.27459027102303735, "time": "Wed, 28 Feb 2018 00:49:20 GMT", "id": "b95de75c65fd8bd8361d"}