{"num_filters": 2000, "num_components": 20, "num_patches": 100000, "patch_size": 8, "lgn_width": 64, "lgn_p": 0.13473434335821827, "lgn_r": 3, "lgn_t": 2, "lgn_a": 0.05, "corr": 0.265991476377951, "time": "Wed, 28 Feb 2018 00:03:59 GMT", "id": "d568dc471e40b6b0b675"}