{"num_filters": 2000, "num_components": 20, "num_patches": 100000, "patch_size": 8, "lgn_width": 64, "lgn_p": 0.14473434335821828, "lgn_r": 3, "lgn_t": 2, "lgn_a": 0.05, "corr": 0.08033241942250664, "time": "Wed, 28 Feb 2018 01:34:47 GMT", "id": "dfc1ca186667495738aa"}