{"num_filters": 200, "num_components": 20, "num_patches": 100000, "patch_size": 8, "lgn_width": 64, "lgn_p": 0.13473434335821827, "lgn_r": 3, "lgn_t": 2, "lgn_a": 0.05, "corr": 0.0069745865290098035, "time": "Tue, 27 Feb 2018 18:27:56 GMT", "id": "e62730f549b3b5f7dc84"}