{"num_filters": 1000, "num_components": 50, "num_patches": 130000, "patch_size": 16, "lgn_width": 128, "lgn_p": 0.1286100550237538, "lgn_r": 3, "lgn_t": 2, "lgn_a": 0.1, "corr": 0.025416151065856995, "time": "Mon, 26 Feb 2018 16:16:59 GMT", "id": "fc36bd4fee3357d44970"}